site,TileID,CowTagID,TopBottom,placement,date_deployed,date_retrieved,date_analyzed,time_oven,point,code,notes,,
Varari,V14,V114,Top,A,,,8/19/21,18:35,1,X,CYO,CYANO MAT,SAND MIX if need add to dom fil algae
Varari,V14,V114,Top,A,,,8/19/21,18:35,2,CCA,,,"COMBINE RMUC & RCOR & BMUC, GHOL W GFIL"
Varari,V14,V114,Top,A,,,8/19/21,18:35,3,X,,,
Varari,V14,V114,Top,A,,,8/19/21,18:35,4,X,,,
Varari,V14,V114,Top,A,,,8/19/21,18:35,5,CCA,,,
Varari,V14,V114,Top,A,,,8/19/21,18:35,6,X,,,
Varari,V14,V114,Top,A,,,8/19/21,18:35,7,CCA,,,
Varari,V14,V114,Top,A,,,8/19/21,18:35,8,X,,,
Varari,V14,V114,Top,A,,,8/19/21,18:35,9,GFIL,,,
Varari,V14,V114,Top,A,,,8/19/21,18:35,10,GFIL,,,
Varari,V14,V114,Top,A,,,8/19/21,18:35,11,CCA,,,
Varari,V14,V114,Top,A,,,8/19/21,18:35,12,X,,,
Varari,V17,V117,Top,A,,,8/19/21,18:35,1,X,CYO,,
Varari,V17,V117,Top,A,,,8/19/21,18:35,2,CCA,,,
Varari,V17,V117,Top,A,,,8/19/21,18:35,3,X,,,
Varari,V17,V117,Top,A,,,8/19/21,18:35,4,SAN,,,
Varari,V17,V117,Top,A,,,8/19/21,18:35,5,GFIL,,,
Varari,V17,V117,Top,A,,,8/19/21,18:35,6,X,,,
Varari,V17,V117,Top,A,,,8/19/21,18:35,7,GFIL,,,
Varari,V17,V117,Top,A,,,8/19/21,18:35,8,GFIl,,,
Varari,V17,V117,Top,A,,,8/19/21,18:35,9,X,,,
Varari,V17,V117,Top,A,,,8/19/21,18:35,10,X,,,
Varari,V17,V117,Top,A,,,8/19/21,18:35,11,RFIL,,,
Varari,V17,V117,Top,A,,,8/19/21,18:35,12,CCA,,,
Cabral,C7,C107,Top,B,,,8/19/21,18:35,1,GFIL,CYO,,
Cabral,C7,C107,Top,B,,,8/19/21,18:35,2,GFIL,,,
Cabral,C7,C107,Top,B,,,8/19/21,18:35,3,X,,,
Cabral,C7,C107,Top,B,,,8/19/21,18:35,4,X,,,
Cabral,C7,C107,Top,B,,,8/19/21,18:35,5,GFIL,,,
Cabral,C7,C107,Top,B,,,8/19/21,18:35,6,GFIL,,,
Cabral,C7,C107,Top,B,,,8/19/21,18:35,7,SAN,,,
Cabral,C7,C107,Top,B,,,8/19/21,18:35,8,SAN,,,
Cabral,C7,C107,Top,B,,,8/19/21,18:35,9,GFIL,,,
Cabral,C7,C107,Top,B,,,8/19/21,18:35,10,GFIL,,,
Cabral,C7,C107,Top,B,,,8/19/21,18:35,11,SAN ,,,
Cabral,C7,C107,Top,B,,,8/19/21,18:35,12,SAN,,,
Cabral,C8,C108,Top,A,,,8/19/21,18:35,1,RFIL,,,
Cabral,C8,C108,Top,A,,,8/19/21,18:35,2,SAN,,,
Cabral,C8,C108,Top,A,,,8/19/21,18:35,3,GFIL,,,
Cabral,C8,C108,Top,A,,,8/19/21,18:35,4,GFIL,,,
Cabral,C8,C108,Top,A,,,8/19/21,18:35,5,SAN,,,
Cabral,C8,C108,Top,A,,,8/19/21,18:35,6,SAN,,,
Cabral,C8,C108,Top,A,,,8/19/21,18:35,7,GFIL,,,
Cabral,C8,C108,Top,A,,,8/19/21,18:35,8,GFIL,,,
Cabral,C8,C108,Top,A,,,8/19/21,18:35,9,SAN,,,
Cabral,C8,C108,Top,A,,,8/19/21,18:35,10,GFIL,,,
Cabral,C8,C108,Top,A,,,8/19/21,18:35,11,GHOL,,,
Cabral,C8,C108,Top,A,,,8/19/21,18:35,12,RCOR,,,
Varari,V5,V105,Top,A,,,8/19/21,18:35,1,GFIL,,,
Varari,V5,V105,Top,A,,,8/19/21,18:35,2,GFIL,,,
Varari,V5,V105,Top,A,,,8/19/21,18:35,3,SAN,,,
Varari,V5,V105,Top,A,,,8/19/21,18:35,4,GFIL,,,
Varari,V5,V105,Top,A,,,8/19/21,18:35,5,RFIL,,,
Varari,V5,V105,Top,A,,,8/19/21,18:35,6,RFIL,,,
Varari,V5,V105,Top,A,,,8/19/21,18:35,7,GFIL,,,
Varari,V5,V105,Top,A,,,8/19/21,18:35,8,GFIL,,,
Varari,V5,V105,Top,A,,,8/19/21,18:35,9,GFIL,,,
Varari,V5,V105,Top,A,,,8/19/21,18:35,10,SAN,,,
Varari,V5,V105,Top,A,,,8/19/21,18:35,11,GFIL,,,
Varari,V5,V105,Top,A,,,8/19/21,18:35,12,RFIL,,,
Varari,V15,V115,Top,B,,,8/19/21,18:35,1,GFIL,,,
Varari,V15,V115,Top,B,,,8/19/21,18:35,2,GFIL,,,
Varari,V15,V115,Top,B,,,8/19/21,18:35,3,GFIL,,,
Varari,V15,V115,Top,B,,,8/19/21,18:35,4,RFIL,,,
Varari,V15,V115,Top,B,,,8/19/21,18:35,5,GFIL,,,
Varari,V15,V115,Top,B,,,8/19/21,18:35,6,GFIL,,,
Varari,V15,V115,Top,B,,,8/19/21,18:35,7,GHOL,,,
Varari,V15,V115,Top,B,,,8/19/21,18:35,8,GFIL,,,
Varari,V15,V115,Top,B,,,8/19/21,18:35,9,SAN,,,
Varari,V15,V115,Top,B,,,8/19/21,18:35,10,GFIL,,,
Varari,V15,V115,Top,B,,,8/19/21,18:35,11,GFIL,,,
Varari,V15,V115,Top,B,,,8/19/21,18:35,12,GFIL,,,
Varari,V7,V107,Top,A,,,8/19/21,18:35,1,GFIL,CYO?,,
Varari,V7,V107,Top,A,,,8/19/21,18:35,2,RFIL,,,
Varari,V7,V107,Top,A,,,8/19/21,18:35,3,GFIL,,,
Varari,V7,V107,Top,A,,,8/19/21,18:35,4,RFIL,,,
Varari,V7,V107,Top,A,,,8/19/21,18:35,5,RFIL,,,
Varari,V7,V107,Top,A,,,8/19/21,18:35,6,RFIL,,,
Varari,V7,V107,Top,A,,,8/19/21,18:35,7,RFIL,,,
Varari,V7,V107,Top,A,,,8/19/21,18:35,8,GFIL,,,
Varari,V7,V107,Top,A,,,8/19/21,18:35,9,GFIL,,,
Varari,V7,V107,Top,A,,,8/19/21,18:35,10,GFIL,,,
Varari,V7,V107,Top,A,,,8/19/21,18:35,11,RFIL,,,
Varari,V7,V107,Top,A,,,8/19/21,18:35,12,RFIL,,,
Cabral,C6,C106,Top,B,,,8/19/21,18:35,1,GFIL,CYO,,
Cabral,C6,C106,Top,B,,,8/19/21,18:35,2,GFIL,,,
Cabral,C6,C106,Top,B,,,8/19/21,18:35,3,GFIL,,,
Cabral,C6,C106,Top,B,,,8/19/21,18:35,4,X,,,
Cabral,C6,C106,Top,B,,,8/19/21,18:35,5,GFIL,,,
Cabral,C6,C106,Top,B,,,8/19/21,18:35,6,SAN,,,
Cabral,C6,C106,Top,B,,,8/19/21,18:35,7,GFIL,,,
Cabral,C6,C106,Top,B,,,8/19/21,18:35,8,GFIL,,,
Cabral,C6,C106,Top,B,,,8/19/21,18:35,9,GFIL,,,
Cabral,C6,C106,Top,B,,,8/19/21,18:35,10,GFIL,,,
Cabral,C6,C106,Top,B,,,8/19/21,18:35,11,SAN,,,
Cabral,C6,C106,Top,B,,,8/19/21,18:35,12,GFIL,,,
Varari,V12,V112,Top,A,,,8/19/21,18:35,1,GFIL,CYO,,
Varari,V12,V112,Top,A,,,8/19/21,18:35,2,GHOL,,,
Varari,V12,V112,Top,A,,,8/19/21,18:35,3,GFIL,,,
Varari,V12,V112,Top,A,,,8/19/21,18:35,4,RFIL,,,
Varari,V12,V112,Top,A,,,8/19/21,18:35,5,RFIL,,,
Varari,V12,V112,Top,A,,,8/19/21,18:35,6,GFIL,,,
Varari,V12,V112,Top,A,,,8/19/21,18:35,7,GFIL,,,
Varari,V12,V112,Top,A,,,8/19/21,18:35,8,RFIL,,,
Varari,V12,V112,Top,A,,,8/19/21,18:35,9,SAN,,,
Varari,V12,V112,Top,A,,,8/19/21,18:35,10,GFIL,,,
Varari,V12,V112,Top,A,,,8/19/21,18:35,11,GFIL,,,
Varari,V12,V112,Top,A,,,8/19/21,18:35,12,GFIL,,,
Varari,V1,V101,Top,B,,,8/19/21,18:35,1,GFIL,,,
Varari,V1,V101,Top,B,,,8/19/21,18:35,2,GFIL,,,
Varari,V1,V101,Top,B,,,8/19/21,18:35,3,SAN,,,
Varari,V1,V101,Top,B,,,8/19/21,18:35,4,GFIL,,,
Varari,V1,V101,Top,B,,,8/19/21,18:35,5,GFIL,,,
Varari,V1,V101,Top,B,,,8/19/21,18:35,6,GFIL,,,
Varari,V1,V101,Top,B,,,8/19/21,18:35,7,GFIL,,,
Varari,V1,V101,Top,B,,,8/19/21,18:35,8,GFIL,,,
Varari,V1,V101,Top,B,,,8/19/21,18:35,9,SAN,,,
Varari,V1,V101,Top,B,,,8/19/21,18:35,10,GFIL,,,
Varari,V1,V101,Top,B,,,8/19/21,18:35,11,GFIL,,,
Varari,V1,V101,Top,B,,,8/19/21,18:35,12,GFIL,,,
Varari,V18,V118,Top,B,,,8/19/21,18:35,1,X,CYO,,
Varari,V18,V118,Top,B,,,8/19/21,18:35,2,X,,,
Varari,V18,V118,Top,B,,,8/19/21,18:35,3,SAN,,,
Varari,V18,V118,Top,B,,,8/19/21,18:35,4,X,,,
Varari,V18,V118,Top,B,,,8/19/21,18:35,5,GFIL,,,
Varari,V18,V118,Top,B,,,8/19/21,18:35,6,RFIL,,,
Varari,V18,V118,Top,B,,,8/19/21,18:35,7,RFIL,,,
Varari,V18,V118,Top,B,,,8/19/21,18:35,8,RFIL,,,
Varari,V18,V118,Top,B,,,8/19/21,18:35,9,RFIL,,,
Varari,V18,V118,Top,B,,,8/19/21,18:35,10,SAN,,,
Varari,V18,V118,Top,B,,,8/19/21,18:35,11,SAN,,,
Varari,V18,V118,Top,B,,,8/19/21,18:35,12,GFIL,,,
Cabral,C20,C120,Top,A,,,8/19/21,18:35,1,SAN,,,
Cabral,C20,C120,Top,A,,,8/19/21,18:35,2,SAN,,,
Cabral,C20,C120,Top,A,,,8/19/21,18:35,3,SAN,,,
Cabral,C20,C120,Top,A,,,8/19/21,18:35,4,GFIL,,,
Cabral,C20,C120,Top,A,,,8/19/21,18:35,5,SAN,,,
Cabral,C20,C120,Top,A,,,8/19/21,18:35,6,SAN,,,
Cabral,C20,C120,Top,A,,,8/19/21,18:35,7,SAN,,,
Cabral,C20,C120,Top,A,,,8/19/21,18:35,8,GFIL,,,
Cabral,C20,C120,Top,A,,,8/19/21,18:35,9,GFIL,,,
Cabral,C20,C120,Top,A,,,8/19/21,18:35,10,RCOR,,,
Cabral,C20,C120,Top,A,,,8/19/21,18:35,11,SAN,,,
Cabral,C20,C120,Top,A,,,8/19/21,18:35,12,GFIL,,,
Cabral,C15,C115,Top,B,,,8/19/21,18:35,1,SAN,CYO,,
Cabral,C15,C115,Top,B,,,8/19/21,18:35,2,GFIL,,,
Cabral,C15,C115,Top,B,,,8/19/21,18:35,3,SAN,,,
Cabral,C15,C115,Top,B,,,8/19/21,18:35,4,GFIL,,,
Cabral,C15,C115,Top,B,,,8/19/21,18:35,5,SAN,,,
Cabral,C15,C115,Top,B,,,8/19/21,18:35,6,GFIL,,,
Cabral,C15,C115,Top,B,,,8/19/21,18:35,7,GFIL,,,
Cabral,C15,C115,Top,B,,,8/19/21,18:35,8,SAN,,,
Cabral,C15,C115,Top,B,,,8/19/21,18:35,9,GFIL,,,
Cabral,C15,C115,Top,B,,,8/19/21,18:35,10,GFIL,,,
Cabral,C15,C115,Top,B,,,8/19/21,18:35,11,SAN,,,
Cabral,C15,C115,Top,B,,,8/19/21,18:35,12,RCOR,CLD BE SAN,,
Varari,V20,V120,Top,A,,,8/19/21,18:35,1,CCA,CYO,,
Varari,V20,V120,Top,A,,,8/19/21,18:35,2,SAN,,,
Varari,V20,V120,Top,A,,,8/19/21,18:35,3,SAN,,,
Varari,V20,V120,Top,A,,,8/19/21,18:35,4,GFIL,,,
Varari,V20,V120,Top,A,,,8/19/21,18:35,5,CCA,,,
Varari,V20,V120,Top,A,,,8/19/21,18:35,6,GFIL,,,
Varari,V20,V120,Top,A,,,8/19/21,18:35,7,SAN,,,
Varari,V20,V120,Top,A,,,8/19/21,18:35,8,SAN,,,
Varari,V20,V120,Top,A,,,8/19/21,18:35,9,GFIL,,,
Varari,V20,V120,Top,A,,,8/19/21,18:35,10,GFIL,,,
Varari,V20,V120,Top,A,,,8/19/21,18:35,11,SAN,,,
Varari,V20,V120,Top,A,,,8/19/21,18:35,12,SAN,,,
Varari,V10,V110,Top,A,,,8/19/21,18:35,1,GFIL,,,
Varari,V10,V110,Top,A,,,8/19/21,18:35,2,GFIL,,,
Varari,V10,V110,Top,A,,,8/19/21,18:35,3,GFIL,,,
Varari,V10,V110,Top,A,,,8/19/21,18:35,4,GFIL,,,
Varari,V10,V110,Top,A,,,8/19/21,18:35,5,CCA,,,
Varari,V10,V110,Top,A,,,8/19/21,18:35,6,SAN,,,
Varari,V10,V110,Top,A,,,8/19/21,18:35,7,GFIL,,,
Varari,V10,V110,Top,A,,,8/19/21,18:35,8,GFIL,,,
Varari,V10,V110,Top,A,,,8/19/21,18:35,9,GFIL,,,
Varari,V10,V110,Top,A,,,8/19/21,18:35,10,SAN,,,
Varari,V10,V110,Top,A,,,8/19/21,18:35,11,SAN,,,
Varari,V10,V110,Top,A,,,8/19/21,18:35,12,SAN,,,
Varari,V19,V119,Top,B,,,8/19/21,18:35,1,X,CYO,,
Varari,V19,V119,Top,B,,,8/19/21,18:35,2,X,,,
Varari,V19,V119,Top,B,,,8/19/21,18:35,3,X,,,
Varari,V19,V119,Top,B,,,8/19/21,18:35,4,RFIL,,,
Varari,V19,V119,Top,B,,,8/19/21,18:35,5,GFIL,,,
Varari,V19,V119,Top,B,,,8/19/21,18:35,6,SAN,,,
Varari,V19,V119,Top,B,,,8/19/21,18:35,7,RFIL,,,
Varari,V19,V119,Top,B,,,8/19/21,18:35,8,RFIL,,,
Varari,V19,V119,Top,B,,,8/19/21,18:35,9,SAN,,,
Varari,V19,V119,Top,B,,,8/19/21,18:35,10,GFIL,,,
Varari,V19,V119,Top,B,,,8/19/21,18:35,11,RFIL,,,
Varari,V19,V119,Top,B,,,8/19/21,18:35,12,SAN,,,
Cabral,C17,C117,Top,A,,,8/19/21,18:35,1,RFIL,CYO,,
Cabral,C17,C117,Top,A,,,8/19/21,18:35,2,SAN,,,
Cabral,C17,C117,Top,A,,,8/19/21,18:35,3,SAN,,,
Cabral,C17,C117,Top,A,,,8/19/21,18:35,4,X,,,
Cabral,C17,C117,Top,A,,,8/19/21,18:35,5,SAN,,,
Cabral,C17,C117,Top,A,,,8/19/21,18:35,6,SAN,,,
Cabral,C17,C117,Top,A,,,8/19/21,18:35,7,X,,,
Cabral,C17,C117,Top,A,,,8/19/21,18:35,8,RFIL,,,
Cabral,C17,C117,Top,A,,,8/19/21,18:35,9,SAN,,,
Cabral,C17,C117,Top,A,,,8/19/21,18:35,10,SAN,,,
Cabral,C17,C117,Top,A,,,8/19/21,18:35,11,RFIL,,,
Cabral,C17,C117,Top,A,,,8/19/21,18:35,12,SAN,,,
Cabral,C13,C113,Top,B,,,8/19/21,18:35,1,X,CYO,,
Cabral,C13,C113,Top,B,,,8/19/21,18:35,2,SAN,,,
Cabral,C13,C113,Top,B,,,8/19/21,18:35,3,CORAL,,,
Cabral,C13,C113,Top,B,,,8/19/21,18:35,4,SAN,,,
Cabral,C13,C113,Top,B,,,8/19/21,18:35,5,GFIL,,,
Cabral,C13,C113,Top,B,,,8/19/21,18:35,6,SAN,,,
Cabral,C13,C113,Top,B,,,8/19/21,18:35,7,SAN,,,
Cabral,C13,C113,Top,B,,,8/19/21,18:35,8,SAN,,,
Cabral,C13,C113,Top,B,,,8/19/21,18:35,9,RCOR,,,
Cabral,C13,C113,Top,B,,,8/19/21,18:35,10,SAN,,,
Cabral,C13,C113,Top,B,,,8/19/21,18:35,11,SAN,,,
Cabral,C13,C113,Top,B,,,8/19/21,18:35,12,SAN,,,
Vabral,V6,V106,Top,B,,,8/19/21,18:35,1,GFIL,,,
Vabral,V6,V106,Top,B,,,8/19/21,18:35,2,GFIL,,,
Vabral,V6,V106,Top,B,,,8/19/21,18:35,3,SAN,,,
Vabral,V6,V106,Top,B,,,8/19/21,18:35,4,SAN,,,
Vabral,V6,V106,Top,B,,,8/19/21,18:35,5,GFIL,,,
Vabral,V6,V106,Top,B,,,8/19/21,18:35,6,SAN,,,
Vabral,V6,V106,Top,B,,,8/19/21,18:35,7,SAN,,,
Vabral,V6,V106,Top,B,,,8/19/21,18:35,8,CCA,,,
Vabral,V6,V106,Top,B,,,8/19/21,18:35,9,GFIL,,,
Vabral,V6,V106,Top,B,,,8/19/21,18:35,10,GFIL,,,
Vabral,V6,V106,Top,B,,,8/19/21,18:35,11,SAN,,,
Vabral,V6,V106,Top,B,,,8/19/21,18:35,12,X,,,
Cabral,C1,C101,Top,B,,,8/19/21,18:35,1,RFIL,CYO,,
Cabral,C1,C101,Top,B,,,8/19/21,18:35,2,RFIL,,,
Cabral,C1,C101,Top,B,,,8/19/21,18:35,3,SAN,,,
Cabral,C1,C101,Top,B,,,8/19/21,18:35,4,RFIL,,,
Cabral,C1,C101,Top,B,,,8/19/21,18:35,5,GFIL,,,
Cabral,C1,C101,Top,B,,,8/19/21,18:35,6,RFIL,,,
Cabral,C1,C101,Top,B,,,8/19/21,18:35,7,SAN,,,
Cabral,C1,C101,Top,B,,,8/19/21,18:35,8,X,,,
Cabral,C1,C101,Top,B,,,8/19/21,18:35,9,X,,,
Cabral,C1,C101,Top,B,,,8/19/21,18:35,10,SAN,,,
Cabral,C1,C101,Top,B,,,8/19/21,18:35,11,SAN,,,
Cabral,C1,C101,Top,B,,,8/19/21,18:35,12,SAN,,,
Cabral,C11,C111,Top,B,,,8/19/21,18:35,1,GFIL,CYO,,
Cabral,C11,C111,Top,B,,,8/19/21,18:35,2,GFIL,,,
Cabral,C11,C111,Top,B,,,8/19/21,18:35,3,SAN,,,
Cabral,C11,C111,Top,B,,,8/19/21,18:35,4,GFIL,,,
Cabral,C11,C111,Top,B,,,8/19/21,18:35,5,SAN,,,
Cabral,C11,C111,Top,B,,,8/19/21,18:35,6,SAN,,,
Cabral,C11,C111,Top,B,,,8/19/21,18:35,7,GFIL,,,
Cabral,C11,C111,Top,B,,,8/19/21,18:35,8,GFIL,,,
Cabral,C11,C111,Top,B,,,8/19/21,18:35,9,GFIL,,,
Cabral,C11,C111,Top,B,,,8/19/21,18:35,10,RCOR,,,
Cabral,C11,C111,Top,B,,,8/19/21,18:35,11,GFIL,,,
Cabral,C11,C111,Top,B,,,8/19/21,18:35,12,SAN,,,
Cabral,C4,C104,Top,B,,,8/19/21,18:35,1,GFIL,"CYO, super filamentous",,
Cabral,C4,C104,Top,B,,,8/19/21,18:35,2,GFIL,,,
Cabral,C4,C104,Top,B,,,8/19/21,18:35,3,GFIL,,,
Cabral,C4,C104,Top,B,,,8/19/21,18:35,4,GFIL,,,
Cabral,C4,C104,Top,B,,,8/19/21,18:35,5,GFIL,,,
Cabral,C4,C104,Top,B,,,8/19/21,18:35,6,GFIL,,,
Cabral,C4,C104,Top,B,,,8/19/21,18:35,7,GFIL,,,
Cabral,C4,C104,Top,B,,,8/19/21,18:35,8,GFIL,,,
Cabral,C4,C104,Top,B,,,8/19/21,18:35,9,GFIL,,,
Cabral,C4,C104,Top,B,,,8/19/21,18:35,10,GFIL,,,
Cabral,C4,C104,Top,B,,,8/19/21,18:35,11,GFIL,,,
Cabral,C4,C104,Top,B,,,8/19/21,18:35,12,GFIL,,,
Varari,V13,V113,Top,A,,,8/20/21,16:00,1,GFIL,,,
Varari,V13,V113,Top,A,,,8/20/21,16:00,2,SAN,,,
Varari,V13,V113,Top,A,,,8/20/21,16:00,3,GFIL,,,
Varari,V13,V113,Top,A,,,8/20/21,16:00,4,GFIL,,,
Varari,V13,V113,Top,A,,,8/20/21,16:00,5,GFIL,,,
Varari,V13,V113,Top,A,,,8/20/21,16:00,6,SAN,,,
Varari,V13,V113,Top,A,,,8/20/21,16:00,7,GFIL,,,
Varari,V13,V113,Top,A,,,8/20/21,16:00,8,GFIL,,,
Varari,V13,V113,Top,A,,,8/20/21,16:00,9,GFIL,,,
Varari,V13,V113,Top,A,,,8/20/21,16:00,10,SAN,,,
Varari,V13,V113,Top,A,,,8/20/21,16:00,11,GFIL,,,
Varari,V13,V113,Top,A,,,8/20/21,16:00,12,GFIL,,,
Cabral,C9,C109,Top,B,,,8/20/21,16:00,1,GFIL,,,
Cabral,C9,C109,Top,B,,,8/20/21,16:00,2,GFIL,,,
Cabral,C9,C109,Top,B,,,8/20/21,16:00,3,RCOR,,,
Cabral,C9,C109,Top,B,,,8/20/21,16:00,4,SAN,,,
Cabral,C9,C109,Top,B,,,8/20/21,16:00,5,GFIL,,,
Cabral,C9,C109,Top,B,,,8/20/21,16:00,6,SAN,,,
Cabral,C9,C109,Top,B,,,8/20/21,16:00,7,SAN,,,
Cabral,C9,C109,Top,B,,,8/20/21,16:00,8,SAN,,,
Cabral,C9,C109,Top,B,,,8/20/21,16:00,9,RFIL,,,
Cabral,C9,C109,Top,B,,,8/20/21,16:00,10,GFIL,,,
Cabral,C9,C109,Top,B,,,8/20/21,16:00,11,SAN,,,
Cabral,C9,C109,Top,B,,,8/20/21,16:00,12,SAN,,,
Varari,V11,V111,Top,A,,,8/20/21,16:00,1,GFIL,CYO,,
Varari,V11,V111,Top,A,,,8/20/21,16:00,2,GFIL,,,
Varari,V11,V111,Top,A,,,8/20/21,16:00,3,GFIL,,,
Varari,V11,V111,Top,A,,,8/20/21,16:00,4,SAN,,,
Varari,V11,V111,Top,A,,,8/20/21,16:00,5,GFIL,,,
Varari,V11,V111,Top,A,,,8/20/21,16:00,6,GFIL,,,
Varari,V11,V111,Top,A,,,8/20/21,16:00,7,SAN,,,
Varari,V11,V111,Top,A,,,8/20/21,16:00,8,GFIL,,,
Varari,V11,V111,Top,A,,,8/20/21,16:00,9,GFIL,,,
Varari,V11,V111,Top,A,,,8/20/21,16:00,10,GFIL,,,
Varari,V11,V111,Top,A,,,8/20/21,16:00,11,SAN,,,
Varari,V11,V111,Top,A,,,8/20/21,16:00,12,GFIL,,,
Cabral,C10,C110,Top,B,,,8/20/21,16:00,1,GFIL,CYO,,
Cabral,C10,C110,Top,B,,,8/20/21,16:00,2,SAN,,,
Cabral,C10,C110,Top,B,,,8/20/21,16:00,3,SAN,,,
Cabral,C10,C110,Top,B,,,8/20/21,16:00,4,SAN,,,
Cabral,C10,C110,Top,B,,,8/20/21,16:00,5,GFIL,,,
Cabral,C10,C110,Top,B,,,8/20/21,16:00,6,SAN,,,
Cabral,C10,C110,Top,B,,,8/20/21,16:00,7,SAN,,,
Cabral,C10,C110,Top,B,,,8/20/21,16:00,8,SAN,,,
Cabral,C10,C110,Top,B,,,8/20/21,16:00,9,SAN,,,
Cabral,C10,C110,Top,B,,,8/20/21,16:00,10,GFIL,,,
Cabral,C10,C110,Top,B,,,8/20/21,16:00,11,SAN,,,
Cabral,C10,C110,Top,B,,,8/20/21,16:00,12,GFIL,,,
Cabral,C2,C102,Top,B,,,8/20/21,16:00,1,GFIL,,,
Cabral,C2,C102,Top,B,,,8/20/21,16:00,2,GFIL,,,
Cabral,C2,C102,Top,B,,,8/20/21,16:00,3,SAN,,,
Cabral,C2,C102,Top,B,,,8/20/21,16:00,4,GFIL,,,
Cabral,C2,C102,Top,B,,,8/20/21,16:00,5,SAN,,,
Cabral,C2,C102,Top,B,,,8/20/21,16:00,6,GFIL,,,
Cabral,C2,C102,Top,B,,,8/20/21,16:00,7,GFIL,,,
Cabral,C2,C102,Top,B,,,8/20/21,16:00,8,GFIL,,,
Cabral,C2,C102,Top,B,,,8/20/21,16:00,9,GFIL,,,
Cabral,C2,C102,Top,B,,,8/20/21,16:00,10,GFIL,,,
Cabral,C2,C102,Top,B,,,8/20/21,16:00,11,GFIL,,,
Cabral,C2,C102,Top,B,,,8/20/21,16:00,12,SAN,,,
Cabral,C3,C103,Top,B,,,8/20/21,16:00,1,GFIL,,,
Cabral,C3,C103,Top,B,,,8/20/21,16:00,2,GFIL,,,
Cabral,C3,C103,Top,B,,,8/20/21,16:00,3,GFIL,,,
Cabral,C3,C103,Top,B,,,8/20/21,16:00,4,GFIL,,,
Cabral,C3,C103,Top,B,,,8/20/21,16:00,5,SAN,,,
Cabral,C3,C103,Top,B,,,8/20/21,16:00,6,SAN,,,
Cabral,C3,C103,Top,B,,,8/20/21,16:00,7,SAN,,,
Cabral,C3,C103,Top,B,,,8/20/21,16:00,8,GFIL,,,
Cabral,C3,C103,Top,B,,,8/20/21,16:00,9,SAN,,,
Cabral,C3,C103,Top,B,,,8/20/21,16:00,10,SAN,,,
Cabral,C3,C103,Top,B,,,8/20/21,16:00,11,SAN,,,
Cabral,C3,C103,Top,B,,,8/20/21,16:00,12,GFIL,,,
Cabral,C19,C119,Top,A,,,8/20/21,16:00,1,GFIL,,,
Cabral,C19,C119,Top,A,,,8/20/21,16:00,2,SAN,,,
Cabral,C19,C119,Top,A,,,8/20/21,16:00,3,GFIL,,,
Cabral,C19,C119,Top,A,,,8/20/21,16:00,4,SAN,,,
Cabral,C19,C119,Top,A,,,8/20/21,16:00,5,SAN,,,
Cabral,C19,C119,Top,A,,,8/20/21,16:00,6,SAN,,,
Cabral,C19,C119,Top,A,,,8/20/21,16:00,7,GFIL,,,
Cabral,C19,C119,Top,A,,,8/20/21,16:00,8,RFIL,,,
Cabral,C19,C119,Top,A,,,8/20/21,16:00,9,GFIL,,,
Cabral,C19,C119,Top,A,,,8/20/21,16:00,10,GFIL,,,
Cabral,C19,C119,Top,A,,,8/20/21,16:00,11,SAN,,,
Cabral,C19,C119,Top,A,,,8/20/21,16:00,12,GFIL,,,
Varari,V16,V116,Top,A,,,8/20/21,16:00,1,SAN,,,
Varari,V16,V116,Top,A,,,8/20/21,16:00,2,RFIL,CYO,,
Varari,V16,V116,Top,A,,,8/20/21,16:00,3,CCA,,,
Varari,V16,V116,Top,A,,,8/20/21,16:00,4,RFIL,,,
Varari,V16,V116,Top,A,,,8/20/21,16:00,5,SAN,,,
Varari,V16,V116,Top,A,,,8/20/21,16:00,6,GFIL,,,
Varari,V16,V116,Top,A,,,8/20/21,16:00,7,RFIL,,,
Varari,V16,V116,Top,A,,,8/20/21,16:00,8,GFIL,,,
Varari,V16,V116,Top,A,,,8/20/21,16:00,9,GFIL,,,
Varari,V16,V116,Top,A,,,8/20/21,16:00,10,SAN,,,
Varari,V16,V116,Top,A,,,8/20/21,16:00,11,X,,,
Varari,V16,V116,Top,A,,,8/20/21,16:00,12,RFIL,,,
Cabral,C18,C118,Top,A,,,8/20/21,16:00,1,GFIL,CYO,,
Cabral,C18,C118,Top,A,,,8/20/21,16:00,2,GFIL,,,
Cabral,C18,C118,Top,A,,,8/20/21,16:00,3,GFIL,,,
Cabral,C18,C118,Top,A,,,8/20/21,16:00,4,GFIL,,,
Cabral,C18,C118,Top,A,,,8/20/21,16:00,5,SAN,,,
Cabral,C18,C118,Top,A,,,8/20/21,16:00,6,GFIL,,,
Cabral,C18,C118,Top,A,,,8/20/21,16:00,7,GFIL,,,
Cabral,C18,C118,Top,A,,,8/20/21,16:00,8,GFIL,,,
Cabral,C18,C118,Top,A,,,8/20/21,16:00,9,GFIL,,,
Cabral,C18,C118,Top,A,,,8/20/21,16:00,10,SAN,,,
Cabral,C18,C118,Top,A,,,8/20/21,16:00,11,GFIL,,,
Cabral,C18,C118,Top,A,,,8/20/21,16:00,12,GFIL,,,
Varari,V3,V103,Top,B,,,8/20/21,16:00,1,GFIL,,,
Varari,V3,V103,Top,B,,,8/20/21,16:00,2,GFIL,,,
Varari,V3,V103,Top,B,,,8/20/21,16:00,3,GFIL,,,
Varari,V3,V103,Top,B,,,8/20/21,16:00,4,GFIL,,,
Varari,V3,V103,Top,B,,,8/20/21,16:00,5,GFIL,,,
Varari,V3,V103,Top,B,,,8/20/21,16:00,6,GFIL,,,
Varari,V3,V103,Top,B,,,8/20/21,16:00,7,GFIL,,,
Varari,V3,V103,Top,B,,,8/20/21,16:00,8,GFIL,,,
Varari,V3,V103,Top,B,,,8/20/21,16:00,9,GFIL,,,
Varari,V3,V103,Top,B,,,8/20/21,16:00,10,SAN,,,
Varari,V3,V103,Top,B,,,8/20/21,16:00,11,SAN,,,
Varari,V3,V103,Top,B,,,8/20/21,16:00,12,GFIL,,,
Cabral,C5,C105,Top,A,,,8/20/21,16:00,1,RFIL,,,
Cabral,C5,C105,Top,A,,,8/20/21,16:00,2,RFIL,,,
Cabral,C5,C105,Top,A,,,8/20/21,16:00,3,SAN,,,
Cabral,C5,C105,Top,A,,,8/20/21,16:00,4,GFIL,,,
Cabral,C5,C105,Top,A,,,8/20/21,16:00,5,RFIL,,,
Cabral,C5,C105,Top,A,,,8/20/21,16:00,6,SAN,,,
Cabral,C5,C105,Top,A,,,8/20/21,16:00,7,SAN,,,
Cabral,C5,C105,Top,A,,,8/20/21,16:00,8,GFIL,,,
Cabral,C5,C105,Top,A,,,8/20/21,16:00,9,RFIL,,,
Cabral,C5,C105,Top,A,,,8/20/21,16:00,10,SAN,,,
Cabral,C5,C105,Top,A,,,8/20/21,16:00,11,GFIL,,,
Cabral,C5,C105,Top,A,,,8/20/21,16:00,12,GFIL,,,
Varari,V4,V104,Top,A,,,8/22/21,14:30,1,SAN,CYO,,
Varari,V4,V104,Top,A,,,8/22/21,14:30,2,GFIL,,,
Varari,V4,V104,Top,A,,,8/22/21,14:30,3,RFIL,,,
Varari,V4,V104,Top,A,,,8/22/21,14:30,4,SAN,,,
Varari,V4,V104,Top,A,,,8/22/21,14:30,5,SAN,,,
Varari,V4,V104,Top,A,,,8/22/21,14:30,6,SAN,,,
Varari,V4,V104,Top,A,,,8/22/21,14:30,7,GFIL,,,
Varari,V4,V104,Top,A,,,8/22/21,14:30,8,GFIL,,,
Varari,V4,V104,Top,A,,,8/22/21,14:30,9,X,,,
Varari,V4,V104,Top,A,,,8/22/21,14:30,10,RFIL,,,
Varari,V4,V104,Top,A,,,8/22/21,14:30,11,GFIL,,,
Varari,V4,V104,Top,A,,,8/22/21,14:30,12,SAN,,,
Varari,V8,V108,Top,A,,,8/22/21,14:30,1,RFIL,,,
Varari,V8,V108,Top,A,,,8/22/21,14:30,2,SAN,,,
Varari,V8,V108,Top,A,,,8/22/21,14:30,3,GFIL,,,
Varari,V8,V108,Top,A,,,8/22/21,14:30,4,GFIL,,,
Varari,V8,V108,Top,A,,,8/22/21,14:30,5,RFIL,,,
Varari,V8,V108,Top,A,,,8/22/21,14:30,6,SAN,,,
Varari,V8,V108,Top,A,,,8/22/21,14:30,7,RFIL,,,
Varari,V8,V108,Top,A,,,8/22/21,14:30,8,GFIL,,,
Varari,V8,V108,Top,A,,,8/22/21,14:30,9,RFIL,,,
Varari,V8,V108,Top,A,,,8/22/21,14:30,10,RFIL,,,
Varari,V8,V108,Top,A,,,8/22/21,14:30,11,SAN,,,
Varari,V8,V108,Top,A,,,8/22/21,14:30,12,GFIL,,,
Varari,V38,V118,Bottom,B,,,8/22/21,14:30,1,X,CYO,,
Varari,V38,V118,Bottom,B,,,8/22/21,14:30,2,RCOR,,,
Varari,V38,V118,Bottom,B,,,8/22/21,14:30,3,GFIL,,,
Varari,V38,V118,Bottom,B,,,8/22/21,14:30,4,GFIL,,,
Varari,V38,V118,Bottom,B,,,8/22/21,14:30,5,CCA,,,
Varari,V38,V118,Bottom,B,,,8/22/21,14:30,6,RCOR,,,
Varari,V38,V118,Bottom,B,,,8/22/21,14:30,7,GFIL,,,
Varari,V38,V118,Bottom,B,,,8/22/21,14:30,8,GFIL,,,
Varari,V38,V118,Bottom,B,,,8/22/21,14:30,9,X,,,
Varari,V38,V118,Bottom,B,,,8/22/21,14:30,10,RCOR,,,
Varari,V38,V118,Bottom,B,,,8/22/21,14:30,11,GFIL,,,
Varari,V38,V118,Bottom,B,,,8/22/21,14:30,12,GFIL,,,
Cabral,C14,C114,Top,A,,,8/22/21,14:30,1,X,CYO,,
Cabral,C14,C114,Top,A,,,8/22/21,14:30,2,GFIL,,,
Cabral,C14,C114,Top,A,,,8/22/21,14:30,3,SAN,,,
Cabral,C14,C114,Top,A,,,8/22/21,14:30,4,SAN,,,
Cabral,C14,C114,Top,A,,,8/22/21,14:30,5,SAN,,,
Cabral,C14,C114,Top,A,,,8/22/21,14:30,6,SAN,,,
Cabral,C14,C114,Top,A,,,8/22/21,14:30,7,SAN,,,
Cabral,C14,C114,Top,A,,,8/22/21,14:30,8,GFIL,,,
Cabral,C14,C114,Top,A,,,8/22/21,14:30,9,SAN,,,
Cabral,C14,C114,Top,A,,,8/22/21,14:30,10,SAN,,,
Cabral,C14,C114,Top,A,,,8/22/21,14:30,11,GFIL,,,
Cabral,C14,C114,Top,A,,,8/22/21,14:30,12,SAN,,,
Cabral,C12,C112,Top,B,,,8/22/21,14:30,1,GFIL,CYO,,
Cabral,C12,C112,Top,B,,,8/22/21,14:30,2,SAN,,,
Cabral,C12,C112,Top,B,,,8/22/21,14:30,3,GFIL,,,
Cabral,C12,C112,Top,B,,,8/22/21,14:30,4,SAN,,,
Cabral,C12,C112,Top,B,,,8/22/21,14:30,5,SAN,,,
Cabral,C12,C112,Top,B,,,8/22/21,14:30,6,SAN,,,
Cabral,C12,C112,Top,B,,,8/22/21,14:30,7,SAN,,,
Cabral,C12,C112,Top,B,,,8/22/21,14:30,8,GFIL,,,
Cabral,C12,C112,Top,B,,,8/22/21,14:30,9,RFIL,,,
Cabral,C12,C112,Top,B,,,8/22/21,14:30,10,GFIL,,,
Cabral,C12,C112,Top,B,,,8/22/21,14:30,11,SAN,,,
Cabral,C12,C112,Top,B,,,8/22/21,14:30,12,GFIL,,,
Cabral,C16,C116,Top,B,,,8/22/21,14:30,1,RFIL,CYO,,
Cabral,C16,C116,Top,B,,,8/22/21,14:30,2,GFIL,,,
Cabral,C16,C116,Top,B,,,8/22/21,14:30,3,GFIL,,,
Cabral,C16,C116,Top,B,,,8/22/21,14:30,4,RFIL,,,
Cabral,C16,C116,Top,B,,,8/22/21,14:30,5,GFIL,,,
Cabral,C16,C116,Top,B,,,8/22/21,14:30,6,GFIL,,,
Cabral,C16,C116,Top,B,,,8/22/21,14:30,7,SAN,,,
Cabral,C16,C116,Top,B,,,8/22/21,14:30,8,SAN,,,
Cabral,C16,C116,Top,B,,,8/22/21,14:30,9,GFIL,,,
Cabral,C16,C116,Top,B,,,8/22/21,14:30,10,RFIL,,,
Cabral,C16,C116,Top,B,,,8/22/21,14:30,11,SAN,,,
Cabral,C16,C116,Top,B,,,8/22/21,14:30,12,RFIL,,,
Varari,V9,V109,Top,A,,,8/22/21,14:30,1,CCA,,,
Varari,V9,V109,Top,A,,,8/22/21,14:30,2,SAN,,,
Varari,V9,V109,Top,A,,,8/22/21,14:30,3,RCOR,,,
Varari,V9,V109,Top,A,,,8/22/21,14:30,4,RCOR,,,
Varari,V9,V109,Top,A,,,8/22/21,14:30,5,GFIL,,,
Varari,V9,V109,Top,A,,,8/22/21,14:30,6,CCA,,,
Varari,V9,V109,Top,A,,,8/22/21,14:30,7,GFIL,,,
Varari,V9,V109,Top,A,,,8/22/21,14:30,8,RFIL,,,
Varari,V9,V109,Top,A,,,8/22/21,14:30,9,RFIL,,,
Varari,V9,V109,Top,A,,,8/22/21,14:30,10,GFIL,,,
Varari,V9,V109,Top,A,,,8/22/21,14:30,11,SAN,,,
Varari,V9,V109,Top,A,,,8/22/21,14:30,12,RFIL,,,
Cabral,C37,C117,Bottom,B,,,8/22/21,14:30,1,SAN,,,
Cabral,C37,C117,Bottom,B,,,8/22/21,14:30,2,RFIL,,,
Cabral,C37,C117,Bottom,B,,,8/22/21,14:30,3,GFIL,,,
Cabral,C37,C117,Bottom,B,,,8/22/21,14:30,4,GFIL,,,
Cabral,C37,C117,Bottom,B,,,8/22/21,14:30,5,SAN,,,
Cabral,C37,C117,Bottom,B,,,8/22/21,14:30,6,RFIL,,,
Cabral,C37,C117,Bottom,B,,,8/22/21,14:30,7,GFIL,,,
Cabral,C37,C117,Bottom,B,,,8/22/21,14:30,8,GFIL,,,
Cabral,C37,C117,Bottom,B,,,8/22/21,14:30,9,SAN,,,
Cabral,C37,C117,Bottom,B,,,8/22/21,14:30,10,RFIL,,,
Cabral,C37,C117,Bottom,B,,,8/22/21,14:30,11,GFIL,,,
Cabral,C37,C117,Bottom,B,,,8/22/21,14:30,12,GFIL,,,
Varari,V34,V114,Bottom,B,,,8/22/21,14:30,1,CCA,,,
Varari,V34,V114,Bottom,B,,,8/22/21,14:30,2,CCA,,,
Varari,V34,V114,Bottom,B,,,8/22/21,14:30,3,CCA,,,
Varari,V34,V114,Bottom,B,,,8/22/21,14:30,4,CCA,,,
Varari,V34,V114,Bottom,B,,,8/22/21,14:30,5,CCA,,,
Varari,V34,V114,Bottom,B,,,8/22/21,14:30,6,CCA,,,
Varari,V34,V114,Bottom,B,,,8/22/21,14:30,7,CCA,,,
Varari,V34,V114,Bottom,B,,,8/22/21,14:30,8,CCA,,,
Varari,V34,V114,Bottom,B,,,8/22/21,14:30,9,CCA,,,
Varari,V34,V114,Bottom,B,,,8/22/21,14:30,10,CCA,,,
Varari,V34,V114,Bottom,B,,,8/22/21,14:30,11,CCA,,,
Varari,V34,V114,Bottom,B,,,8/22/21,14:30,12,CCA,,,
Cabral,C36,C116,Bottom,A,,,8/22/21,14:30,1,GFIL,,,
Cabral,C36,C116,Bottom,A,,,8/22/21,14:30,2,GFIL,,,
Cabral,C36,C116,Bottom,A,,,8/22/21,14:30,3,GFIL,,,
Cabral,C36,C116,Bottom,A,,,8/22/21,14:30,4,GFIL,,,
Cabral,C36,C116,Bottom,A,,,8/22/21,14:30,5,GFIL,,,
Cabral,C36,C116,Bottom,A,,,8/22/21,14:30,6,GFIL,,,
Cabral,C36,C116,Bottom,A,,,8/22/21,14:30,7,GHOL,,,
Cabral,C36,C116,Bottom,A,,,8/22/21,14:30,8,RCOR,,,
Cabral,C36,C116,Bottom,A,,,8/22/21,14:30,9,GFIL,,,
Cabral,C36,C116,Bottom,A,,,8/22/21,14:30,10,CCA,,,
Cabral,C36,C116,Bottom,A,,,8/22/21,14:30,11,RFIL,,,
Cabral,C36,C116,Bottom,A,,,8/22/21,14:30,12,GFIL,,,
Varari,V40,V120,Bottom,B,,,8/22/21,14:30,1,CCA,,,
Varari,V40,V120,Bottom,B,,,8/22/21,14:30,2,CCA,,,
Varari,V40,V120,Bottom,B,,,8/22/21,14:30,3,X,,,
Varari,V40,V120,Bottom,B,,,8/22/21,14:30,4,X,,,
Varari,V40,V120,Bottom,B,,,8/22/21,14:30,5,CCA,,,
Varari,V40,V120,Bottom,B,,,8/22/21,14:30,6,CCA,,,
Varari,V40,V120,Bottom,B,,,8/22/21,14:30,7,X,,,
Varari,V40,V120,Bottom,B,,,8/22/21,14:30,8,X,,,
Varari,V40,V120,Bottom,B,,,8/22/21,14:30,9,CCA,,,
Varari,V40,V120,Bottom,B,,,8/22/21,14:30,10,CCA,,,
Varari,V40,V120,Bottom,B,,,8/22/21,14:30,11,X,,,
Varari,V40,V120,Bottom,B,,,8/22/21,14:30,12,X,,,
Varari,V29,V109,Bottom,B,,,8/22/21,14:30,1,CCA,,,
Varari,V29,V109,Bottom,B,,,8/22/21,14:30,2,RFIL,,,
Varari,V29,V109,Bottom,B,,,8/22/21,14:30,3,RFIL,,,
Varari,V29,V109,Bottom,B,,,8/22/21,14:30,4,GFIL,,,
Varari,V29,V109,Bottom,B,,,8/22/21,14:30,5,CCA,,,
Varari,V29,V109,Bottom,B,,,8/22/21,14:30,6,RFIL,,,
Varari,V29,V109,Bottom,B,,,8/22/21,14:30,7,RFIL,,,
Varari,V29,V109,Bottom,B,,,8/22/21,14:30,8,CCA,,,
Varari,V29,V109,Bottom,B,,,8/22/21,14:30,9,CCA,,,
Varari,V29,V109,Bottom,B,,,8/22/21,14:30,10,RFIL,,,
Varari,V29,V109,Bottom,B,,,8/22/21,14:30,11,GFIL,,,
Varari,V29,V109,Bottom,B,,,8/22/21,14:30,12,RFIL,,,
Varari,V21,V101,Bottom,B,,,8/22/21,14:30,1,CCA,CYO,,
Varari,V21,V101,Bottom,B,,,8/22/21,14:30,2,RCOR,,,
Varari,V21,V101,Bottom,B,,,8/22/21,14:30,3,GFIL,,,
Varari,V21,V101,Bottom,B,,,8/22/21,14:30,4,GFIL,,,
Varari,V21,V101,Bottom,B,,,8/22/21,14:30,5,SAN,,,
Varari,V21,V101,Bottom,B,,,8/22/21,14:30,6,RMUC,,,
Varari,V21,V101,Bottom,B,,,8/22/21,14:30,7,GFIL,,,
Varari,V21,V101,Bottom,B,,,8/22/21,14:30,8,GFIL,,,
Varari,V21,V101,Bottom,B,,,8/22/21,14:30,9,RMUC,,,
Varari,V21,V101,Bottom,B,,,8/22/21,14:30,10,RMUC,,,
Varari,V21,V101,Bottom,B,,,8/22/21,14:30,11,RFIL,,,
Varari,V21,V101,Bottom,B,,,8/22/21,14:30,12,GFIL,,,
Varari,V31,V111,Bottom,B,,,8/22/21,14:30,1,GFIL,,,
Varari,V31,V111,Bottom,B,,,8/22/21,14:30,2,RFIL,,,
Varari,V31,V111,Bottom,B,,,8/22/21,14:30,3,GFIL,,,
Varari,V31,V111,Bottom,B,,,8/22/21,14:30,4,RMUC,,,
Varari,V31,V111,Bottom,B,,,8/22/21,14:30,5,GFIL,,,
Varari,V31,V111,Bottom,B,,,8/22/21,14:30,6,GFIL,,,
Varari,V31,V111,Bottom,B,,,8/22/21,14:30,7,RFIL,,,
Varari,V31,V111,Bottom,B,,,8/22/21,14:30,8,CCA,,,
Varari,V31,V111,Bottom,B,,,8/22/21,14:30,9,GFIL,,,
Varari,V31,V111,Bottom,B,,,8/22/21,14:30,10,GFIL,,,
Varari,V31,V111,Bottom,B,,,8/22/21,14:30,11,RFIL,,,
Varari,V31,V111,Bottom,B,,,8/22/21,14:30,12,SAN,,,
Cabral,C32,C112,Bottom,A,,,8/22/21,14:30,1,GFIL,,,
Cabral,C32,C112,Bottom,A,,,8/22/21,14:30,2,GFIL,,,
Cabral,C32,C112,Bottom,A,,,8/22/21,14:30,3,SAN,,,
Cabral,C32,C112,Bottom,A,,,8/22/21,14:30,4,SAN,,,
Cabral,C32,C112,Bottom,A,,,8/22/21,14:30,5,GFIL,,,
Cabral,C32,C112,Bottom,A,,,8/22/21,14:30,6,GFIL,,,
Cabral,C32,C112,Bottom,A,,,8/22/21,14:30,7,GFIL,,,
Cabral,C32,C112,Bottom,A,,,8/22/21,14:30,8,GFIL,,,
Cabral,C32,C112,Bottom,A,,,8/22/21,14:30,9,GFIL,,,
Cabral,C32,C112,Bottom,A,,,8/22/21,14:30,10,GFIL,,,
Cabral,C32,C112,Bottom,A,,,8/22/21,14:30,11,GFIL,,,
Cabral,C32,C112,Bottom,A,,,8/22/21,14:30,12,SAN,,,
Cabral,C38,C118,Bottom,B,,,8/22/21,14:30,1,SAN,,,
Cabral,C38,C118,Bottom,B,,,8/22/21,14:30,2,RFIL,,,
Cabral,C38,C118,Bottom,B,,,8/22/21,14:30,3,GFIL,,,
Cabral,C38,C118,Bottom,B,,,8/22/21,14:30,4,GFIL,,,
Cabral,C38,C118,Bottom,B,,,8/22/21,14:30,5,SAN,,,
Cabral,C38,C118,Bottom,B,,,8/22/21,14:30,6,GFIL,,,
Cabral,C38,C118,Bottom,B,,,8/22/21,14:30,7,GFIL,,,
Cabral,C38,C118,Bottom,B,,,8/22/21,14:30,8,GFIL,,,
Cabral,C38,C118,Bottom,B,,,8/22/21,14:30,9,GFIL,,,
Cabral,C38,C118,Bottom,B,,,8/22/21,14:30,10,RFIL,,,
Cabral,C38,C118,Bottom,B,,,8/22/21,14:30,11,GFIL,,,
Cabral,C38,C118,Bottom,B,,,8/22/21,14:30,12,GFIL,,,
Varari,V37,V117,Bottom,A,,,8/22/21,18:29,1,CCA,,,
Varari,V37,V117,Bottom,A,,,8/22/21,18:29,2,CCA,,,
Varari,V37,V117,Bottom,A,,,8/22/21,18:29,3,CCA,,,
Varari,V37,V117,Bottom,A,,,8/22/21,18:29,4,CCA,,,
Varari,V37,V117,Bottom,A,,,8/22/21,18:29,5,CCA,,,
Varari,V37,V117,Bottom,A,,,8/22/21,18:29,6,CCA,,,
Varari,V37,V117,Bottom,A,,,8/22/21,18:29,7,CCA,,,
Varari,V37,V117,Bottom,A,,,8/22/21,18:29,8,CCA,,,
Varari,V37,V117,Bottom,A,,,8/22/21,18:29,9,CCA,,,
Varari,V37,V117,Bottom,A,,,8/22/21,18:29,10,CCA,,,
Varari,V37,V117,Bottom,A,,,8/22/21,18:29,11,CCA,,,
Varari,V37,V117,Bottom,A,,,8/22/21,18:29,12,CCA,,,
Varari,V35,V115,Bottom,B,,,8/22/21,18:29,1,X,,,
Varari,V35,V115,Bottom,B,,,8/22/21,18:29,2,CCA,,,
Varari,V35,V115,Bottom,B,,,8/22/21,18:29,3,GFIL,,,
Varari,V35,V115,Bottom,B,,,8/22/21,18:29,4,GFIL,,,
Varari,V35,V115,Bottom,B,,,8/22/21,18:29,5,X,,,
Varari,V35,V115,Bottom,B,,,8/22/21,18:29,6,GFIL,,,
Varari,V35,V115,Bottom,B,,,8/22/21,18:29,7,RFIL,,,
Varari,V35,V115,Bottom,B,,,8/22/21,18:29,8,GFIL,,,
Varari,V35,V115,Bottom,B,,,8/22/21,18:29,9,X,,,
Varari,V35,V115,Bottom,B,,,8/22/21,18:29,10,CCA,,,
Varari,V35,V115,Bottom,B,,,8/22/21,18:29,11,GFIL,,,
Varari,V35,V115,Bottom,B,,,8/22/21,18:29,12,GFIL,,,
Cabral,C28,C108,Bottom,B,,,8/22/21,18:29,1,GFIL,,,
Cabral,C28,C108,Bottom,B,,,8/22/21,18:29,2,GFIL,,,
Cabral,C28,C108,Bottom,B,,,8/22/21,18:29,3,GFIL,,,
Cabral,C28,C108,Bottom,B,,,8/22/21,18:29,4,GFIL,,,
Cabral,C28,C108,Bottom,B,,,8/22/21,18:29,5,GHOL,,,
Cabral,C28,C108,Bottom,B,,,8/22/21,18:29,6,GFIL,,,
Cabral,C28,C108,Bottom,B,,,8/22/21,18:29,7,GFIL,,,
Cabral,C28,C108,Bottom,B,,,8/22/21,18:29,8,GFIL,,,
Cabral,C28,C108,Bottom,B,,,8/22/21,18:29,9,GFIL,,,
Cabral,C28,C108,Bottom,B,,,8/22/21,18:29,10,RFIL,,,
Cabral,C28,C108,Bottom,B,,,8/22/21,18:29,11,GFIL,,,
Cabral,C28,C108,Bottom,B,,,8/22/21,18:29,12,GFIL,,,
Cabral,C22,C102,Bottom,A,,,8/22/21,18:29,1,GFIL,compare w photo & weight,,
Cabral,C22,C102,Bottom,A,,,8/22/21,18:29,2,GFIL,,,
Cabral,C22,C102,Bottom,A,,,8/22/21,18:29,3,RFIL,,,
Cabral,C22,C102,Bottom,A,,,8/22/21,18:29,4,RMUC,,,
Cabral,C22,C102,Bottom,A,,,8/22/21,18:29,5,GFIL,,,
Cabral,C22,C102,Bottom,A,,,8/22/21,18:29,6,GFIL,,,
Cabral,C22,C102,Bottom,A,,,8/22/21,18:29,7,GFIL,,,
Cabral,C22,C102,Bottom,A,,,8/22/21,18:29,8,RMUC,,,
Cabral,C22,C102,Bottom,A,,,8/22/21,18:29,9,GFIL,,,
Cabral,C22,C102,Bottom,A,,,8/22/21,18:29,10,GFIL,,,
Cabral,C22,C102,Bottom,A,,,8/22/21,18:29,11,GFIL,,,
Cabral,C22,C102,Bottom,A,,,8/22/21,18:29,12,GFIL,,,
Varari,V23,C103,Bottom,B,,,8/22/21,18:29,1,X,,,
Varari,V23,C103,Bottom,B,,,8/22/21,18:29,1,X,,,
Varari,V23,C103,Bottom,B,,,8/22/21,18:29,3,RFIL,,,
Varari,V23,C103,Bottom,B,,,8/22/21,18:29,4,GFIL,,,
Varari,V23,C103,Bottom,B,,,8/22/21,18:29,5,X,,,
Varari,V23,C103,Bottom,B,,,8/22/21,18:29,6,X,,,
Varari,V23,C103,Bottom,B,,,8/22/21,18:29,7,RFIL,,,
Varari,V23,C103,Bottom,B,,,8/22/21,18:29,8,RMUC,,,
Varari,V23,C103,Bottom,B,,,8/22/21,18:29,9,X,,,
Varari,V23,C103,Bottom,B,,,8/22/21,18:29,10,RFIL,,,
Varari,V23,C103,Bottom,B,,,8/22/21,18:29,11,RMUC,,,
Varari,V23,C103,Bottom,B,,,8/22/21,18:29,12,GFIL,,,
Cabral,C22,C102,Bottom,A,,,8/22/21,18:29,1,GFIL,compare w photo & weight,,
Cabral,C22,C102,Bottom,A,,,8/22/21,18:29,2,GFIL,,,
Cabral,C22,C102,Bottom,A,,,8/22/21,18:29,3,RFIL,,,
Cabral,C22,C102,Bottom,A,,,8/22/21,18:29,4,RMUC?,,,
Cabral,C22,C102,Bottom,A,,,8/22/21,18:29,5,GFIL,,,
Cabral,C22,C102,Bottom,A,,,8/22/21,18:29,6,GFIL,,,
Cabral,C22,C102,Bottom,A,,,8/22/21,18:29,7,GFIL,,,
Cabral,C22,C102,Bottom,A,,,8/22/21,18:29,8,RFIL,,,
Cabral,C22,C102,Bottom,A,,,8/22/21,18:29,9,GFIL,,,
Cabral,C22,C102,Bottom,A,,,8/22/21,18:29,10,GFIL,,,
Cabral,C22,C102,Bottom,A,,,8/22/21,18:29,11,GFIL,,,
Cabral,C22,C102,Bottom,A,,,8/22/21,18:29,12,GFIL,,,
Cabral,C26,C106,Bottom,A,,,8/22/21,18:29,1,GFIL,,,
Cabral,C26,C106,Bottom,A,,,8/22/21,18:29,2,RFIL,,,
Cabral,C26,C106,Bottom,A,,,8/22/21,18:29,3,RFIL,,,
Cabral,C26,C106,Bottom,A,,,8/22/21,18:29,4,X,,,
Cabral,C26,C106,Bottom,A,,,8/22/21,18:29,5,RFIL,,,
Cabral,C26,C106,Bottom,A,,,8/22/21,18:29,6,GFIL,,,
Cabral,C26,C106,Bottom,A,,,8/22/21,18:29,7,RFIL,,,
Cabral,C26,C106,Bottom,A,,,8/22/21,18:29,8,X,,,
Cabral,C26,C106,Bottom,A,,,8/22/21,18:29,9,GFIL,,,
Cabral,C26,C106,Bottom,A,,,8/22/21,18:29,10,RFIL,,,
Cabral,C26,C106,Bottom,A,,,8/22/21,18:29,11,RFIL,,,
Cabral,C26,C106,Bottom,A,,,8/22/21,18:29,12,X,,,
Cabral,C35,C115,Bottom,A,,,8/22/21,18:29,1,RFIL,,,
Cabral,C35,C115,Bottom,A,,,8/22/21,18:29,2,RFIL,,,
Cabral,C35,C115,Bottom,A,,,8/22/21,18:29,3,SAN,,,
Cabral,C35,C115,Bottom,A,,,8/22/21,18:29,4,SAN,,,
Cabral,C35,C115,Bottom,A,,,8/22/21,18:29,5,SAN,,,
Cabral,C35,C115,Bottom,A,,,8/22/21,18:29,6,SAN,,,
Cabral,C35,C115,Bottom,A,,,8/22/21,18:29,7,GFIL,,,
Cabral,C35,C115,Bottom,A,,,8/22/21,18:29,8,GFIL,,,
Cabral,C35,C115,Bottom,A,,,8/22/21,18:29,9,RFIL,,,
Cabral,C35,C115,Bottom,A,,,8/22/21,18:29,10,RMUC,,,
Cabral,C35,C115,Bottom,A,,,8/22/21,18:29,11,GFIL,,,
Cabral,C35,C115,Bottom,A,,,8/22/21,18:29,12,GFIL,,,
Varari,V22,V102,Bottom,B,,,8/22/21,18:29,1,CCA,CYO,,
Varari,V22,V102,Bottom,B,,,8/22/21,18:29,2,CCA,,,
Varari,V22,V102,Bottom,B,,,8/22/21,18:29,3,GFIL,,,
Varari,V22,V102,Bottom,B,,,8/22/21,18:29,4,GFIL,,,
Varari,V22,V102,Bottom,B,,,8/22/21,18:29,5,CCA,,,
Varari,V22,V102,Bottom,B,,,8/22/21,18:29,6,CCA,,,
Varari,V22,V102,Bottom,B,,,8/22/21,18:29,7,GFIL,,,
Varari,V22,V102,Bottom,B,,,8/22/21,18:29,8,CCA,,,
Varari,V22,V102,Bottom,B,,,8/22/21,18:29,9,CCA,,,
Varari,V22,V102,Bottom,B,,,8/22/21,18:29,10,X,,,
Varari,V22,V102,Bottom,B,,,8/22/21,18:29,11,GFIL,,,
Varari,V22,V102,Bottom,B,,,8/22/21,18:29,12,GFIL,,,
Cabral,C27,C107,Bottom,B,,,8/22/21,18:29,1,X,CYO,,
Cabral,C27,C107,Bottom,B,,,8/22/21,18:29,2,RMUC,,,
Cabral,C27,C107,Bottom,B,,,8/22/21,18:29,3,GFIL,,,
Cabral,C27,C107,Bottom,B,,,8/22/21,18:29,4,RFIL,,,
Cabral,C27,C107,Bottom,B,,,8/22/21,18:29,5,CCA,,,
Cabral,C27,C107,Bottom,B,,,8/22/21,18:29,6,GFIL,,,
Cabral,C27,C107,Bottom,B,,,8/22/21,18:29,7,GFIL,,,
Cabral,C27,C107,Bottom,B,,,8/22/21,18:29,8,GFIL,,,
Cabral,C27,C107,Bottom,B,,,8/22/21,18:29,9,SAN,,,
Cabral,C27,C107,Bottom,B,,,8/22/21,18:29,10,SAN,,,
Cabral,C27,C107,Bottom,B,,,8/22/21,18:29,11,GFIL,,,
Cabral,C27,C107,Bottom,B,,,8/22/21,18:29,12,GFIL,,,
Varari,V27,V107,Bottom,A,,,8/22/21,18:29,1,GFIL,,,
Varari,V27,V107,Bottom,A,,,8/22/21,18:29,2,GHOL,,,
Varari,V27,V107,Bottom,A,,,8/22/21,18:29,3,X,,,
Varari,V27,V107,Bottom,A,,,8/22/21,18:29,4,X,,,
Varari,V27,V107,Bottom,A,,,8/22/21,18:29,5,RMUC,,,
Varari,V27,V107,Bottom,A,,,8/22/21,18:29,6,GFIL,,,
Varari,V27,V107,Bottom,A,,,8/22/21,18:29,7,X,,,
Varari,V27,V107,Bottom,A,,,8/22/21,18:29,8,X,,,
Varari,V27,V107,Bottom,A,,,8/22/21,18:29,9,GFIL,,,
Varari,V27,V107,Bottom,A,,,8/22/21,18:29,10,GFIL,,,
Varari,V27,V107,Bottom,A,,,8/22/21,18:29,11,X,,,
Varari,V27,V107,Bottom,A,,,8/22/21,18:29,12,X,,,
Varari,V36,V116,Bottom,A,,,8/22/21,18:29,1,RMUC,,,
Varari,V36,V116,Bottom,A,,,8/22/21,18:29,2,RFIL,,,
Varari,V36,V116,Bottom,A,,,8/22/21,18:29,3,X,,,
Varari,V36,V116,Bottom,A,,,8/22/21,18:29,4,X,,,
Varari,V36,V116,Bottom,A,,,8/22/21,18:29,5,GFIL,,,
Varari,V36,V116,Bottom,A,,,8/22/21,18:29,6,GFIL,,,
Varari,V36,V116,Bottom,A,,,8/22/21,18:29,7,GFIL,,,
Varari,V36,V116,Bottom,A,,,8/22/21,18:29,8,CCA,,,
Varari,V36,V116,Bottom,A,,,8/22/21,18:29,9,GFIL,,,
Varari,V36,V116,Bottom,A,,,8/22/21,18:29,10,GFIL,,,
Varari,V36,V116,Bottom,A,,,8/22/21,18:29,11,GFIL,,,
Varari,V36,V116,Bottom,A,,,8/22/21,18:29,12,CCA,,,
Varari,V25,V105,Bottom,A,,,8/22/21,18:29,1,GFIL,,,
Varari,V25,V105,Bottom,A,,,8/22/21,18:29,2,RMUC,,,
Varari,V25,V105,Bottom,A,,,8/22/21,18:29,3,CCA,,,
Varari,V25,V105,Bottom,A,,,8/22/21,18:29,4,CCA,,,
Varari,V25,V105,Bottom,A,,,8/22/21,18:29,5,GFIL,,,
Varari,V25,V105,Bottom,A,,,8/22/21,18:29,6,GFIL,,,
Varari,V25,V105,Bottom,A,,,8/22/21,18:29,7,CCA,,,
Varari,V25,V105,Bottom,A,,,8/22/21,18:29,8,CCA,,,
Varari,V25,V105,Bottom,A,,,8/22/21,18:29,9,GFIL,,,
Varari,V25,V105,Bottom,A,,,8/22/21,18:29,10,RFIL,,,
Varari,V25,V105,Bottom,A,,,8/22/21,18:29,11,RFIL,,,
Varari,V25,V105,Bottom,A,,,8/22/21,18:29,12,CCA,,,
Cabral,C33,C113,Bottom,A,,,8/22/21,18:29,1,X,,,
Cabral,C33,C113,Bottom,A,,,8/22/21,18:29,2,X,,,
Cabral,C33,C113,Bottom,A,,,8/22/21,18:29,3,CCA,,,
Cabral,C33,C113,Bottom,A,,,8/22/21,18:29,4,X,,,
Cabral,C33,C113,Bottom,A,,,8/22/21,18:29,5,GFIL,,,
Cabral,C33,C113,Bottom,A,,,8/22/21,18:29,6,GFIL,,,
Cabral,C33,C113,Bottom,A,,,8/22/21,18:29,7,X,,,
Cabral,C33,C113,Bottom,A,,,8/22/21,18:29,8,X,,,
Cabral,C33,C113,Bottom,A,,,8/22/21,18:29,9,GFIL,,,
Cabral,C33,C113,Bottom,A,,,8/22/21,18:29,10,GFIL,,,
Cabral,C33,C113,Bottom,A,,,8/22/21,18:29,11,X,,,
Cabral,C33,C113,Bottom,A,,,8/22/21,18:29,12,X,,,
Cabral,C39,C119,Bottom,B,,,8/22/21,18:29,1,X,CYO,,
Cabral,C39,C119,Bottom,B,,,8/22/21,18:29,2,GFIL,,,
Cabral,C39,C119,Bottom,B,,,8/22/21,18:29,3,GFIL,,,
Cabral,C39,C119,Bottom,B,,,8/22/21,18:29,4,GFIL,,,
Cabral,C39,C119,Bottom,B,,,8/22/21,18:29,5,GHOL,,,
Cabral,C39,C119,Bottom,B,,,8/22/21,18:29,6,GHOL,,,
Cabral,C39,C119,Bottom,B,,,8/22/21,18:29,7,GFIL,,,
Cabral,C39,C119,Bottom,B,,,8/22/21,18:29,8,GFIL,,,
Cabral,C39,C119,Bottom,B,,,8/22/21,18:29,9,X,,,
Cabral,C39,C119,Bottom,B,,,8/22/21,18:29,10,RMUC,,,
Cabral,C39,C119,Bottom,B,,,8/22/21,18:29,11,GFIL,,,
Cabral,C39,C119,Bottom,B,,,8/22/21,18:29,12,GFIL,,,
Varari,V26,V106,Bottom,B,,,8/22/21,18:29,1,CCA,,,
Varari,V26,V106,Bottom,B,,,8/22/21,18:29,2,BMUC,,,
Varari,V26,V106,Bottom,B,,,8/22/21,18:29,3,CCA,,,
Varari,V26,V106,Bottom,B,,,8/22/21,18:29,4,BMUC,,,
Varari,V26,V106,Bottom,B,,,8/22/21,18:29,5,CCA,,,
Varari,V26,V106,Bottom,B,,,8/22/21,18:29,6,RMUC,,,
Varari,V26,V106,Bottom,B,,,8/22/21,18:29,7,RMUC,,,
Varari,V26,V106,Bottom,B,,,8/22/21,18:29,8,CCA,,,
Varari,V26,V106,Bottom,B,,,8/22/21,18:29,9,X,,,
Varari,V26,V106,Bottom,B,,,8/22/21,18:29,10,CCA,,,
Varari,V26,V106,Bottom,B,,,8/22/21,18:29,11,CCA,,,
Varari,V26,V106,Bottom,B,,,8/22/21,18:29,12,BMUC,,,
Varari,V39,V119,Bottom,B,,,8/22/21,18:29,1,CCA,,,
Varari,V39,V119,Bottom,B,,,8/22/21,18:29,2,RMUC,,,
Varari,V39,V119,Bottom,B,,,8/22/21,18:29,3,GFIL,,,
Varari,V39,V119,Bottom,B,,,8/22/21,18:29,4,GFIL,,,
Varari,V39,V119,Bottom,B,,,8/22/21,18:29,5,CCA,,,
Varari,V39,V119,Bottom,B,,,8/22/21,18:29,6,RCOR,,,
Varari,V39,V119,Bottom,B,,,8/22/21,18:29,7,BMUC,,,
Varari,V39,V119,Bottom,B,,,8/22/21,18:29,8,GFIL,,,
Varari,V39,V119,Bottom,B,,,8/22/21,18:29,9,CCA,,,
Varari,V39,V119,Bottom,B,,,8/22/21,18:29,10,RCOR,,,
Varari,V39,V119,Bottom,B,,,8/22/21,18:29,11,BMUC,,,
Varari,V39,V119,Bottom,B,,,8/22/21,18:29,12,GFIL,,,
Cabral,C25,C105,Bottom,A,,,8/23/21,09:00,1,RFIL,,,
Cabral,C25,C105,Bottom,A,,,8/23/21,09:00,2,GFIL,,,
Cabral,C25,C105,Bottom,A,,,8/23/21,09:00,3,X,,,
Cabral,C25,C105,Bottom,A,,,8/23/21,09:00,4,RCOR,,,
Cabral,C25,C105,Bottom,A,,,8/23/21,09:00,5,RFIL,,,
Cabral,C25,C105,Bottom,A,,,8/23/21,09:00,6,GFIL,,,
Cabral,C25,C105,Bottom,A,,,8/23/21,09:00,7,X,,,
Cabral,C25,C105,Bottom,A,,,8/23/21,09:00,8,SAN,,,
Cabral,C25,C105,Bottom,A,,,8/23/21,09:00,9,RFIL,,,
Cabral,C25,C105,Bottom,A,,,8/23/21,09:00,10,GFIL,,,
Cabral,C25,C105,Bottom,A,,,8/23/21,09:00,11,X,,,
Cabral,C25,C105,Bottom,A,,,8/23/21,09:00,12,GFIL,,,
Cabral,C31,C111,Bottom,A,,,8/23/21,09:00,1,GFIL,,,
Cabral,C31,C111,Bottom,A,,,8/23/21,09:00,2,GFIL,,,
Cabral,C31,C111,Bottom,A,,,8/23/21,09:00,3,RCOR,,,
Cabral,C31,C111,Bottom,A,,,8/23/21,09:00,4,X,,,
Cabral,C31,C111,Bottom,A,,,8/23/21,09:00,5,GFIL,,,
Cabral,C31,C111,Bottom,A,,,8/23/21,09:00,6,GFIL,,,
Cabral,C31,C111,Bottom,A,,,8/23/21,09:00,7,SAN,,,
Cabral,C31,C111,Bottom,A,,,8/23/21,09:00,8,RCOR,,,
Cabral,C31,C111,Bottom,A,,,8/23/21,09:00,9,GFIL,,,
Cabral,C31,C111,Bottom,A,,,8/23/21,09:00,10,GFIL,,,
Cabral,C31,C111,Bottom,A,,,8/23/21,09:00,11,RFIL,,,
Cabral,C31,C111,Bottom,A,,,8/23/21,09:00,12,SAN,,,
Cabral,C34,C114,Bottom,B,,,8/23/21,09:00,1,GFIL,,,
Cabral,C34,C114,Bottom,B,,,8/23/21,09:00,2,RCOR,,,
Cabral,C34,C114,Bottom,B,,,8/23/21,09:00,3,CCA,,,
Cabral,C34,C114,Bottom,B,,,8/23/21,09:00,4,X,,,
Cabral,C34,C114,Bottom,B,,,8/23/21,09:00,5,GFIL,,,
Cabral,C34,C114,Bottom,B,,,8/23/21,09:00,6,X,,,
Cabral,C34,C114,Bottom,B,,,8/23/21,09:00,7,X,,,
Cabral,C34,C114,Bottom,B,,,8/23/21,09:00,8,GFIL,,,
Cabral,C34,C114,Bottom,B,,,8/23/21,09:00,9,GFIL,,,
Cabral,C34,C114,Bottom,B,,,8/23/21,09:00,10,X,,,
Cabral,C34,C114,Bottom,B,,,8/23/21,09:00,11,GFIL,,,
Cabral,C34,C114,Bottom,B,,,8/23/21,09:00,12,X,,,
Cabral,C24,C104,Bottom,A,,,8/23/21,09:00,1,RFIL,CYO,,
Cabral,C24,C104,Bottom,A,,,8/23/21,09:00,2,RFIL,,,
Cabral,C24,C104,Bottom,A,,,8/23/21,09:00,3,CCA,,,
Cabral,C24,C104,Bottom,A,,,8/23/21,09:00,4,SAN,,,
Cabral,C24,C104,Bottom,A,,,8/23/21,09:00,5,RFIL,,,
Cabral,C24,C104,Bottom,A,,,8/23/21,09:00,6,RFIL,,,
Cabral,C24,C104,Bottom,A,,,8/23/21,09:00,7,SAN,,,
Cabral,C24,C104,Bottom,A,,,8/23/21,09:00,8,SAN,,,
Cabral,C24,C104,Bottom,A,,,8/23/21,09:00,9,RFIL,,,
Cabral,C24,C104,Bottom,A,,,8/23/21,09:00,10,CCA,,,
Cabral,C24,C104,Bottom,A,,,8/23/21,09:00,11,SAN,,,
Cabral,C24,C104,Bottom,A,,,8/23/21,09:00,12,SAN,,,
Varari,V32,V112,Bottom,A,,,8/23/21,09:00,1,GFIL,,,
Varari,V32,V112,Bottom,A,,,8/23/21,09:00,2,RFIL,,,
Varari,V32,V112,Bottom,A,,,8/23/21,09:00,3,RMUC,,,
Varari,V32,V112,Bottom,A,,,8/23/21,09:00,4,SAN,,,
Varari,V32,V112,Bottom,A,,,8/23/21,09:00,5,GFIL,,,
Varari,V32,V112,Bottom,A,,,8/23/21,09:00,6,GFIL,,,
Varari,V32,V112,Bottom,A,,,8/23/21,09:00,7,GFIL,,,
Varari,V32,V112,Bottom,A,,,8/23/21,09:00,8,SAN,,,
Varari,V32,V112,Bottom,A,,,8/23/21,09:00,9,GFIL,,,
Varari,V32,V112,Bottom,A,,,8/23/21,09:00,10,GFIL,,,
Varari,V32,V112,Bottom,A,,,8/23/21,09:00,11,GFIL,,,
Varari,V32,V112,Bottom,A,,,8/23/21,09:00,12,CCA,,,
Varari,V24,V104,Bottom,A,,,8/23/21,09:00,1,RMUC,,,
Varari,V24,V104,Bottom,A,,,8/23/21,09:00,2,CCA,,,
Varari,V24,V104,Bottom,A,,,8/23/21,09:00,3,X,,,
Varari,V24,V104,Bottom,A,,,8/23/21,09:00,4,X,,,
Varari,V24,V104,Bottom,A,,,8/23/21,09:00,5,CCA,,,
Varari,V24,V104,Bottom,A,,,8/23/21,09:00,6,X,,,
Varari,V24,V104,Bottom,A,,,8/23/21,09:00,7,X,,,
Varari,V24,V104,Bottom,A,,,8/23/21,09:00,8,X,,,
Varari,V24,V104,Bottom,A,,,8/23/21,09:00,9,CCA,,,
Varari,V24,V104,Bottom,A,,,8/23/21,09:00,10,X,,,
Varari,V24,V104,Bottom,A,,,8/23/21,09:00,11,X,,,
Varari,V24,V104,Bottom,A,,,8/23/21,09:00,12,X,,,
Varari,V33,C113,Bottom,B,,,8/23/21,09:00,1,X,,,
Varari,V33,C113,Bottom,B,,,8/23/21,09:00,2,X,,,
Varari,V33,C113,Bottom,B,,,8/23/21,09:00,3,RMUC,,,
Varari,V33,C113,Bottom,B,,,8/23/21,09:00,4,GFIL,,,
Varari,V33,C113,Bottom,B,,,8/23/21,09:00,5,X,,,
Varari,V33,C113,Bottom,B,,,8/23/21,09:00,6,X,,,
Varari,V33,C113,Bottom,B,,,8/23/21,09:00,7,CCA,,,
Varari,V33,C113,Bottom,B,,,8/23/21,09:00,8,GFIL,,,
Varari,V33,C113,Bottom,B,,,8/23/21,09:00,9,X,,,
Varari,V33,C113,Bottom,B,,,8/23/21,09:00,10,X,,,
Varari,V33,C113,Bottom,B,,,8/23/21,09:00,11,X,,,
Varari,V33,C113,Bottom,B,,,8/23/21,09:00,12,RFIL,,,
Varari,V28,V108,Bottom,B,,,8/23/21,09:00,1,RMUC,,,
Varari,V28,V108,Bottom,B,,,8/23/21,09:00,2,RMUC,,,
Varari,V28,V108,Bottom,B,,,8/23/21,09:00,3,X,,,
Varari,V28,V108,Bottom,B,,,8/23/21,09:00,4,X,,,
Varari,V28,V108,Bottom,B,,,8/23/21,09:00,5,CCA,,,
Varari,V28,V108,Bottom,B,,,8/23/21,09:00,6,RMUC,,,
Varari,V28,V108,Bottom,B,,,8/23/21,09:00,7,X,,,
Varari,V28,V108,Bottom,B,,,8/23/21,09:00,8,CCA,,,
Varari,V28,V108,Bottom,B,,,8/23/21,09:00,9,GFIL,,,
Varari,V28,V108,Bottom,B,,,8/23/21,09:00,10,X,,,
Varari,V28,V108,Bottom,B,,,8/23/21,09:00,11,CCA,,,
Varari,V28,V108,Bottom,B,,,8/23/21,09:00,12,CCA,,,
Varari,V30,V110,Bottom,A,,,8/23/21,09:00,1,GFIL,,,
Varari,V30,V110,Bottom,A,,,8/23/21,09:00,2,SAN,,,
Varari,V30,V110,Bottom,A,,,8/23/21,09:00,3,GFIL,,,
Varari,V30,V110,Bottom,A,,,8/23/21,09:00,4,CCA,,,
Varari,V30,V110,Bottom,A,,,8/23/21,09:00,5,GFIL,,,
Varari,V30,V110,Bottom,A,,,8/23/21,09:00,6,GFIL,,,
Varari,V30,V110,Bottom,A,,,8/23/21,09:00,7,CCA,,,
Varari,V30,V110,Bottom,A,,,8/23/21,09:00,8,CCA,,,
Varari,V30,V110,Bottom,A,,,8/23/21,09:00,9,GFIL,,,
Varari,V30,V110,Bottom,A,,,8/23/21,09:00,10,GFIL,,,
Varari,V30,V110,Bottom,A,,,8/23/21,09:00,11,GFIL,,,
Varari,V30,V110,Bottom,A,,,8/23/21,09:00,12,CCA,,,
Cabral,C30,C110,Bottom,B,,,8/23/21,09:00,1,CCA,CYO,,
Cabral,C30,C110,Bottom,B,,,8/23/21,09:00,2,CCA,,,
Cabral,C30,C110,Bottom,B,,,8/23/21,09:00,3,CCA,,,
Cabral,C30,C110,Bottom,B,,,8/23/21,09:00,4,CCA,,,
Cabral,C30,C110,Bottom,B,,,8/23/21,09:00,5,GFIL,,,
Cabral,C30,C110,Bottom,B,,,8/23/21,09:00,6,RFIL,,,
Cabral,C30,C110,Bottom,B,,,8/23/21,09:00,7,SAN,,,
Cabral,C30,C110,Bottom,B,,,8/23/21,09:00,8,RFIL,,,
Cabral,C30,C110,Bottom,B,,,8/23/21,09:00,9,GFIL,,,
Cabral,C30,C110,Bottom,B,,,8/23/21,09:00,10,RFIL,,,
Cabral,C30,C110,Bottom,B,,,8/23/21,09:00,11,CCA,,,
Cabral,C30,C110,Bottom,B,,,8/23/21,09:00,12,CCA,,,
Cabral,C40,C120,Bottom,A,,,8/23/21,09:00,1,X,CYO,,
Cabral,C40,C120,Bottom,A,,,8/23/21,09:00,2,X,,,
Cabral,C40,C120,Bottom,A,,,8/23/21,09:00,3,CCA,,,
Cabral,C40,C120,Bottom,A,,,8/23/21,09:00,4,CCA,,,
Cabral,C40,C120,Bottom,A,,,8/23/21,09:00,5,X,,,
Cabral,C40,C120,Bottom,A,,,8/23/21,09:00,6,X,,,
Cabral,C40,C120,Bottom,A,,,8/23/21,09:00,7,X,,,
Cabral,C40,C120,Bottom,A,,,8/23/21,09:00,8,CCA,,,
Cabral,C40,C120,Bottom,A,,,8/23/21,09:00,9,X,,,
Cabral,C40,C120,Bottom,A,,,8/23/21,09:00,10,CCA,,,
Cabral,C40,C120,Bottom,A,,,8/23/21,09:00,11,CCA,,,
Cabral,C40,C120,Bottom,A,,,8/23/21,09:00,12,CCA,,,
Cabral,C29,C109,Bottom,A,,,8/23/21,09:00,1,GFIL,,,
Cabral,C29,C109,Bottom,A,,,8/23/21,09:00,2,GFIL,,,
Cabral,C29,C109,Bottom,A,,,8/23/21,09:00,3,RFIL,,,
Cabral,C29,C109,Bottom,A,,,8/23/21,09:00,4,RFIL,,,
Cabral,C29,C109,Bottom,A,,,8/23/21,09:00,5,GFIL,,,
Cabral,C29,C109,Bottom,A,,,8/23/21,09:00,6,GFIL,,,
Cabral,C29,C109,Bottom,A,,,8/23/21,09:00,7,RFIL,,,
Cabral,C29,C109,Bottom,A,,,8/23/21,09:00,8,RFIL,,,
Cabral,C29,C109,Bottom,A,,,8/23/21,09:00,9,GFIL,,,
Cabral,C29,C109,Bottom,A,,,8/23/21,09:00,10,GFIL,,,
Cabral,C29,C109,Bottom,A,,,8/23/21,09:00,11,RFIL,,,
Cabral,C29,C109,Bottom,A,,,8/23/21,09:00,12,SAN,,,
Cabral,C23,C103,Bottom,B,,,8/23/21,09:00,1,GFIL,,,
Cabral,C23,C103,Bottom,B,,,8/23/21,09:00,2,SAN,,,
Cabral,C23,C103,Bottom,B,,,8/23/21,09:00,3,CCA,,,
Cabral,C23,C103,Bottom,B,,,8/23/21,09:00,4,GFIL,,,
Cabral,C23,C103,Bottom,B,,,8/23/21,09:00,5,SAN,,,
Cabral,C23,C103,Bottom,B,,,8/23/21,09:00,6,CCA,,,
Cabral,C23,C103,Bottom,B,,,8/23/21,09:00,7,GFIL,,,
Cabral,C23,C103,Bottom,B,,,8/23/21,09:00,8,GFIL,,,
Cabral,C23,C103,Bottom,B,,,8/23/21,09:00,9,X,,,
Cabral,C23,C103,Bottom,B,,,8/23/21,09:00,10,GFIL,,,
Cabral,C23,C103,Bottom,B,,,8/23/21,09:00,11,GFIL,,,
Cabral,C23,C103,Bottom,B,,,8/23/21,09:00,12,GFIL,,,
Cabral,C21,C101,Bottom,A,,,8/23/21,09:00,1,GFIL,,,
Cabral,C21,C101,Bottom,A,,,8/23/21,09:00,2,RFIL,,,
Cabral,C21,C101,Bottom,A,,,8/23/21,09:00,3,SAN,,,
Cabral,C21,C101,Bottom,A,,,8/23/21,09:00,4,SAN,,,
Cabral,C21,C101,Bottom,A,,,8/23/21,09:00,5,GFIL,,,
Cabral,C21,C101,Bottom,A,,,8/23/21,09:00,6,SAN,,,
Cabral,C21,C101,Bottom,A,,,8/23/21,09:00,7,GFIL,,,
Cabral,C21,C101,Bottom,A,,,8/23/21,09:00,8,SAN,,,
Cabral,C21,C101,Bottom,A,,,8/23/21,09:00,9,GFIL,,,
Cabral,C21,C101,Bottom,A,,,8/23/21,09:00,10,GFIL,,,
Cabral,C21,C101,Bottom,A,,,8/23/21,09:00,11,SAN,,,
Cabral,C21,C101,Bottom,A,,,8/23/21,09:00,12,X,,,
,,,,,,,,,,,,,
,,,,,,,,,,,,,
,,,,,,,,,,,,,
,,,,,,,,,,,,,